flair_name,title
Non-Political,Re-Creation Of Humanity (artist : Hasif khan)
Politics,Gulf News editor in Dubai receives threats from BJP’s IT cell and verified accounts
Politics,"Palghar lynching: Two accused are from BJP, says Congress"
Politics,Judiciary of India has never been this bad
TIL,TIL that Khan Market was named after freedom fighter Khan Abdul Ghaffar Khan’s elder brother Khan Abdul Jabbar Khan. The market was established in 1951 to rehabilitate Partition refugees.
Politics,No coercive action against Arnab Goswami for two weeks: Supreme Court
Sports,"The man who knew no limits when on the field with his MRF bat. The myth whom all the greatest bowlers feared but had utmost respect for. The legend who made so many of ours childhood days filled with happiness. Happy Birthday, Sachin Ramesh Tendulkar."
Politics,"SC Allows Hate Speech Case Against Arnab Goswami to Proceed, Stays Multiple FIRs"
Politics,Coimbatore: Founder of News Portal Arrested for Reporting on Government’s Handling of COVID-19
Non-Political,Violence is not answer even against bad journalism: Press Council on attack on Arnab Goswami
Politics,Two lenses
Coronavirus,"After Aarogya Setu, tender for wristband to track patients by government enterprise causes concern"
Non-Political,"Air pollution in northern India has hit a 20-year low, NASA report says"
AskIndia,About NAAC accreditation and why my college is so desperate for it and how I can reveal their fraud
Coronavirus,"Turmeric-salt water gargle will do the trick, says Karnataka Health Minister B Sriramulu"
Politics,Two Accused in Palghar Lynching Case Linked to BJP: Congress
Politics,"Arnab Goswami’s attack continues. Rahul, Priyanka, where’s your ‘enough is enough’ moment?"
Business/Finance,"COVID-19: Franklin Templeton Shuts 6 Indian Funds, Locks In $4.1 Billion - NDTV"
Coronavirus,People queue up for free chicken outside BJP office in bangalore
Coronavirus,Assam has started Community Testing!!
Politics,"Urgent Listing Of Arnab's Case: Lawyer Expresses Discontent Over SC's Registry, Alleges Discrimination & Preferential Treatment"
Politics,Police complaint against Kangana Ranaut over her video supporting sister Rangoli Chandel
Coronavirus,"6,000 enter trial to test recombinant BCG vaccine against Covid-19 in Pune"
Politics,What would the Congress gain after attacking Arnab?
Non-Political,Be responsible
Politics,'The Assault Is on Journalism': An Interview With Kashmiri Journalist Gowhar Geelani
Coronavirus,Five arrested for attack on health workers test positive for COVID-19 in Karnataka
Business/Finance,Mark Zuckerberg just gave Asia’s richest man a much needed win
Non-Political,Making Illustrations of our Landmarks till the end of Lockdown (Day 2) India Gate
Food,I made Mango Souffle
Coronavirus,India’s Once Lavish Weddings Are Now Taking Place on Zoom
Politics,Mumbai Police Meri Jaan
Science/Technology,Safest cars in India as rated by Global NCAP
Coronavirus,Covid-19 lockdown: Man out to get food lynched to death in Bahraich | City - Times of India Videos
Non-Political,Watch | Mumbai man refuses grocery over delivery boy’s religion; arrested
Politics,Arnab Goswami’s video alleging attack doesn’t predate the attack; false claim by Congress members - Alt News
Coronavirus,India coronavirus: The woman who pushed for homemade masks
Coronavirus,Delhi Corona Update: IIT-Delhis low-cost testing kit gets ICMR approval | Delhi News - Times of India
Coronavirus,‘No Action Has Been Taken’: Frustration In National Covid-19 Task Force
Coronavirus,First lady Savita Kovind stitches face masks for shelter homes in Delhi
Coronavirus,88% hit: Guj 6th in spread of virus
Non-Political,‘Lives in Our Hearts’: Kashmiris Mourn Khalsa Aid Worker’s Death
Politics,Freedom of expression is not license to incite.
Food,Honey Chilli Potato
Policy/Economy,Leveraging Covid: How India can displace China in global manufacturing and supply chains
AskIndia,How prominent is the caste system in India nowadays?
AskIndia,"Fellow Redditors who faced unemployment due to COVID19, how have you been handling the situation?"
Coronavirus,"ICMR Study Suggests Its Testing Strategy Was Flawed, Airport Screening a Miss - The Wire Science"
Politics,The real loser in India's errupting Islamaphobia: Caste politics.
Coronavirus,Is there really no community transmission of coronavirus in India?
Coronavirus,"SCR converts 486 coaches into isolation facility, completes target | Aurangabad News - Times of India"
Politics,"Fifty terrorists, including several top commanders of Jaish-e-Mohmmad and Lashker-e-Tioba, killed in counter terrorism operations by security forces in Jammu and Kashmir this year so far: Officials"
AskIndia,"Redditors who have worked in different states, what are some differences did you observe in the work culture?"
Politics,"Islamophobia row: Voices in govt blame fake accounts, regret OIC statement"
Coronavirus,"Coronavirus India Updates: Covid-19 Cases In India Cross 23,000; Death Toll At 718"
Coronavirus,Arabs wake up to ‘Hindu Rashtra’; India loses face and its benign image
Non-Political,"A new species of snake discovered in India, named Salazar Slytherin."
Coronavirus,Allahabad high court comes up with virtual courts | Allahabad News - Times of India
Politics,Stop watching PRIME TIME!
Coronavirus,"Plasma therapy on Delhi Covid-19 patients yields positive results, say Kejriwal & top doctor"
Politics,"'50,000 students from India stranded abroad'"
Non-Political,Storm from my balcony [Kolkata]
Policy/Economy,Labor woes in India rice-growing region may push farmers to cotton
Coronavirus,Maharashtra minister Jitendra Awhad tests positive for Covid-19
Policy/Economy,Indian police make people sit with fake corona patient in ambulance
Politics,Republic TV Editor-in-Chief Arnab Goswami moves Supreme Court seeking that no coercive action be taken on FIRs against him
Politics,‘Won’t Disown My Work’: Meet the Photojournalist Charged With UAPA
Coronavirus,Bengaluru: Government permits private schools to collect school fee
Coronavirus,"Running out of money, Actor Prakash Raj pledges to take loan to help people amid lockdown"
Coronavirus,"In a shocking development, Maharashtra Housing Minister Jitendra Awhad has tested Covid 19 positive, official sources said here early on Friday."
Non-Political,Arnab Goswami gets interim relief for three weeks from SC in FIRs against him
Coronavirus,Police challan more than 70 in city for not wearing masks | Allahabad News - Times of India
Coronavirus,Masks mandatory in Bihar from today | Patna News - Times of India
AskIndia,Is there a customer care email address for Axis bank?
Coronavirus,"PM Modi States India's Biggest Learning From Covid Pandemic, Says We Must Be Self-reliant"
Politics,Kashmiri journalist Qazi Shibli released from jail after nine months
Business/Finance,Franklin Templeton India closes 6 funds. 6 questions answered
AskIndia,"Accidentally I recharged pack 1 which is not enough for me, is there any way I can get the pack 2 to be activated from tomorrow instead of pack 1?"
Coronavirus,Covid-19: Jalandhar administration implements odd-even formula to decongest vegetable market | Amritsar News - Times of India
AskIndia,"Hypothetically, is anything preventing Indians from faking their caste membership?"
AskIndia,HDFC Bank Is Looter Fraud (See Post)
Coronavirus,"Playing Ludo-like Game to 'Kill Time During Lockdown', Telangana Woman Infects 31"
Non-Political,"Happy Birthday, Dr.Rajkumar! the Legendary Indian film actor."
Coronavirus,"Look to Tirupur, not China for PPE suits"
Photography,[OC] Guwahati city. Shot on Mi A3. (4000x2248)
AskIndia,Banking Ombudsman Appellate Authority
Business/Finance,PVR says it may face liquidity issues if lockdown continues beyond 2-3 months
Coronavirus,Is social distancing an oxymoron in India?
Business/Finance,"MutualFundsNahiHai: Over Rs 25,000 crore of investor's funds locked, as Franklin Templeton winds up 6 funds."
Non-Political,“A World of Silence is Blown into Smithereens”: GN Saibaba’s poems from confinement
AskIndia,Do Indian tech companies hire those that have degrees outside of the country?
Policy/Economy,An independent study of migrant workers in Bengaluru shows government’s lack of response
Coronavirus,'High hopes' drug for Covid-19 treatment failed in full trial
AskIndia,Is there any way for me to travel from Hyderabad to Chennai during lockdown?
Non-Political,India's first cannabis clinic in Koramangala has benefited several Bengalureans
Business/Finance,Facebook- jio deal.
CAA-NRC-NPR,"CAA: Protestors Forced Into Hiding, As UP Police Puts Bounty On Their Heads"
Politics,"As the world looks for coronavirus scapegoats, India pins blame on Muslims"
AskIndia,How to file a complain against telecom operator
Non-Political,Physics of Bollywood Physics
Coronavirus,Yuval Noah Harari: the world after coronavirus
Politics,"Give Us Kerala Model Over Gujarat Model, Any Day - By Ramachandra Guha"
Coronavirus,No last goodbye for Gulf migrant workers lost to pandemic
Business/Finance,Microbreweries froth as 1 lakh litres of fresh beer heads for drains in NCR
Coronavirus,Pregnant woman kin in Haridwar claims govt hospital refused admission for delivery unless Covid-19 test done | Dehradun News - Times of India
Coronavirus,One month of lockdown: Why Indian states have dramatically divergent Covid-19 trajectories
Coronavirus,What Does a Mechanical Ventilator Do?
AskIndia,"All the grocery stores in my town have ran out of soap , hand wash , and anti-septic liquids . How are we we supposed to wash hands now ?"
Policy/Economy,"Stage set for bold labour reform, stimulus"
Policy/Economy,IFF Suggests Ways to Ensure Internet Access and Protect Net Neutrality
Policy/Economy,"Finally calling China’s bluff: India’s decision to ‘wall off’ even investments being routed through Hong Kong, Singapore, etc, where there could be an indirect Chinese presence, is a welcome move."
Coronavirus,Covid Toes among kids: New symptom of novel coronavirus infection
Politics,"How fear, suspicion and WhatsApp rumours led to the Palghar lynching"
Coronavirus,"Lucknow: Colleges relax admission rules, deadline for UG and PG courses | Lucknow News - Times of India"
Politics,"Kubbra Sait laughs off attack on Arnab Goswami, wonders if he’s ‘a journalist or Roadies host’"
AskIndia,Advice regarding immigration
Coronavirus,Coronavirus testing: India faring better than other countries at the 5L-test mark: Committee chief | India News - Times of India
Science/Technology,Kerala (IIITM-K) Have Developed an AI-Based Search Engine For COVID-19 Research
Politics,Walls of Jamia Millia Islamia still echo revolution
Coronavirus,Will interstate travel via railways be available before june 22nd
Politics,"Arnab Goswami alleges physical assault by Congress, calls Sonia Gandhi a ‘Coward’"
Coronavirus,"Don’t fudge Covid toll, truth will be out"
Politics,"""BJP Continues To Spread Virus Of Communal Prejudice"": Sonia Gandhi"
Non-Political,"Speed post sitting at branch post office for 2 days, not sure what to do"
Coronavirus,FIR against MSME CEO’s if a Covid-19 positive case is found on their premises: Govt
AskIndia,What Are your thoughts Indian Onion Price Issue?
Coronavirus,Opinion | India has fared better than others against coronavirus
Coronavirus,"Stigma attached to Covid can cause more deaths, says AIIMS head"
Coronavirus,"Complete lockdown for four days in Chennai, Madurai and Coimbatore, says Tamil Nadu Chief Minister"
Coronavirus,"Doctors in WB write to Mamata Banerjee, allege under-testing, misreporting of COVID-19 cases"
Politics,Uddhav keeps his cool as Chakravyuh builds around him
Non-Political,India Coronavirus Map and Case Count
Coronavirus,Bengaluru has least number of Covid-19 cases among all major cities of India | India News - Times of India
Politics,"BJP spreading virus of communal hatred, prejudice during pandemic, says Sonia Gandhi"
Coronavirus,"Coronavirus in India: Difficult to predict peak, but curve seems to be flattened, says ICMR"
Policy/Economy,Kerala govt has decided to deduct the salary of state employees for 6 days in a month for next 5 months and of MLAs and other legislators by 30% for next one year to tide over the unprecedented financial situation due to COVID-19.
Business/Finance,"Stocks in the news: HUL, Bharti Infratel, SBI Card, Britannia and Tata Motors"
Policy/Economy,"'Treat Sanitation Workers Like Health Workers, Pay Them At Least Rs 20,000 Per Month'"
Coronavirus,"Diabetic man dies of lack of food, medicine at Delhi quarantine centre"
Non-Political,Muslims Attacked Cops in Maharashtra’s Malegaon? It’s Fake News
Politics,Arnab Goswami moves SC against multiple FIRs for remarks against Sonia Gandhi
Coronavirus,Karnataka govt announces relaxations in green zones from April 24
Policy/Economy,Conservation Scientists Oppose Etalin Hydro Electric Project
Coronavirus,"Thane Man Allegedly Refuses To Take Delivery From Muslim Man, Arrested"
AskIndia,"Spoken English teacher, idling at home, wants to volunteer a couple of hours of her time"
Politics,Arnab is not the supreme ourt
AskIndia,Please download Better call Saul episode 9 and 10
AskIndia,"With reference to Kanan Gill's Netflix Special, what is the letter a metaphor for?"
Coronavirus,"[AskIndia] Many families are on the verge of starvation, how can they signal world that they need food?"
Non-Political,Recommendations for a decent mid-premium price range laptop?
Politics,Mumbai police arrests two members of Indian Youth Congress for allegedly attacking Arnab Goswami
Coronavirus,‘No Action Has Been Taken’: Frustration In National Covid-19 Task Force
Coronavirus,"Fans, Toilets Don't Work: UP Doctors Release Videos, Government Acts"
Coronavirus,India gifts 23 tonnes of essential medicines to Nepal
Policy/Economy,"For Indian Diaspora, Panic and Anger Over Trump’s Immigration Plans"
Coronavirus,"As India’s Poor Demand Relief, Why Are Middle Classes Silent?"
Coronavirus,"After Delhi Metro opens, you may be denied ride without mask, Aarogya Setu pass"
Coronavirus,Thane police to take action against housing societies if medical staff harassed | Thane News - Times of India
Coronavirus,"Coronavirus | Model shows deaths, cases rising over next three weeks"
Policy/Economy,"India following U.S. trajectory in COVID-19 cases, says Chinese expert"
Coronavirus,How covid-19 response disrupted health services in rural India
Coronavirus,Maharashtra minister tests positive for Covid-19 | Thane News - Times of India
Non-Political,Making Illustrations of our Landmarks till the end of Lockdown (Day 1)
Politics,"UP to bring back migrant workers stranded in other states, over the next 6 months."
Coronavirus,"Over 400 Iran returnees reach Kashmir, Ladakh after quarantine in Rajasthan"
Politics,[Kesavananda Bhartai Case] Remembering Prof Conrad : The Genius Behind Basic Structure Doctrine
Coronavirus,How India has handled Covid-19 so far
Non-Political,An aerial view of Gangaikonda Cholapuram Temple
Politics,BJP condemns attack on journalist Arnab Goswami
Coronavirus,Lawyer approaches Bombay HC for fin help over loss of work | Nagpur News - Times of India
Business/Finance,The First step to become a Solopreneur!
Politics,"Modi isn’t bringing back Indians stranded in the Middle East, and he’s running out of goodwill"
Coronavirus,Indians among worst COVID-19 affected ethnic groups in England
Non-Political,Some Doctors are just pure awesome..
Politics,Tripura: BJP MLA alleges fund misuse in procuring COVID-19 kits
Coronavirus,"Coronavirus | In Rae Bareli, doctors have untold stories of quarantine"
Coronavirus,'Indians mentally immune to Covid-19': Chinese expert tells students
AskIndia,Has Arnab served his purpose and do his master's deem it fit to get rid of him..?
Politics,"Sir, Press freedom is in DANGER!"
AskIndia,Is there any way to buy a new laptop during lockdown?
Coronavirus,"Displaced & Out Of Work, Artistes Of Kathputli Colony Struggle For Two Meals"
AskIndia,Medical expense fundraising for our cook's only newborn baby
Sports,'Was Confident Pakistan Wouldn't Get My Wicket': Sachin's Rare Interview Gives You Goosebumps
Policy/Economy,"'My Only Fault Was I Was Born in India': Shaken by Trump's Plan, Immigrants Stare at Bleak Future"
Coronavirus,"With higher recovery rate, South leads the fight against the coronavirus"
Science/Technology,[Commentary] The last tiger of Ajanta
Politics,"Selectively Quoting His Speech, BJP MPs Blame Umar Khalid for Delhi Riots"
Politics,"Pakistani Twitter account posing as Omani princess shares anti-India material, old tweets show ISPR's role"
Science/Technology,India’s wildlife is under threat from free roaming dogs
AskIndia,My mom's college is not paying this month's salary to any staff/worker. Can I do something?
Coronavirus,What an 80-Year-Old Short Story Tells Us About Ethics During Qurantine--Rajindar Singh Bedi's 'Plague & Quarantine' tells the story of a sanitation worker who treats patients with compassion and inspires a doctor to follow suit
Coronavirus,The controversy over India's 'first Covid-19 death'
Policy/Economy,"Over 33 crore people get Rs 31,235 crore assistance under PM Garib Kalyan package"
Photography,Saw a painting here on Reddit... Tried to paint it with some improvisations... OC
Politics,"Govt should revise list of ""reserved"" categories to keep well-off out: SC"
Coronavirus,"COVID-19 worry in Delhi: 3.2 lakh living in ‘red’ zone, but only 5,600 tested"
Politics,"BJP spreading ‘communal prejudice and hatred’ even during COVID-19 pandemic, says Sonia Gandhi"
Coronavirus,Muslim burials soar in Indore as hospitals ‘shut out non-Covid patients’ during lockdown
Politics,Facebook and Reliance Jio partnership could be related to 2024 elections.
Coronavirus,Covid-19: Mumbai man arrested for refusing to accept groceries from Muslim delivery agent
Policy/Economy,[RANT] The Indian Education System.
AskIndia,"URGENT: Need Private Taxi from Surat, Gujarat to Ahmedabad, India on April 25"
Policy/Economy,10.6 lakh employees benefitted through Employees' Provident Fund contribution transferred under PMGKY
Non-Political,Pandemic thoughts: End of Life in India.
Non-Political,Over 93% trust Modi govt will handle Covid-19 crisis well: Survey
Non-Political,Psychological study of Indian population (Repost)
Non-Political,"Gambhir Performs Last Rites Of Domestic Help From Odisha, Wins Hearts"
Non-Political,Satyajit Ray’s ‘Two’ offers a lens on how lockdowns work differently for rich and poor kids
Coronavirus,No Action Has Been Taken’: Frustration In National Covid-19 Task Force
Non-Political,"Abhigya anand's parents are exploiting their children for game and their views are very incorrect, racist and sexist."
Policy/Economy,Small business credit worth Rs 2.32 lakh crore at highest risk of default: Cibil
Coronavirus,Ajit Pawar Urges Railway Ministry to Run Special Trains For Migrants in Maharashtra After Lockdown
Politics,"If Uddhav Thackeray bows before Arnab Goswami’s dare, he will only weaken himself before BJP"
Non-Political,"6-Year-Old Allegedly Raped in Madhya Pradesh, Eyes Badly Damaged"
AskIndia,Can UPSC conduct Civil services preliminary exam on May 31?
Politics,I fucking hate twitter.
Politics,'Pressure to toe Hindutva line' sees India drop to 142 on World Press Freedom Index
Coronavirus,"Govt plans to test whether ashwagandha, mulethi, guduchi will help fight Covid-19"
Policy/Economy,2.7 lakh trees to be felled for hydropower project in Arunachal’s Dibang Valley
AskIndia,Digital Writing Pad for Teaching
AskIndia,Where to get the past(like 1 month) old program list(with title) of news channels?
Non-Political,"Post lockdown, how you travel by metro set to change"
Politics,FIR against Arnab Goswami in Chhattisgarh for creating animosity between communities- The New Indian Express
Coronavirus,Coronavirus lockdown: Centre freezes dearness allowance of central government employees till June 2021
AskIndia,"Hi r/India hobbyist coders, How did you learn coding skills ?"
Politics,The Promised Land: How remittances from migrants account for 36.3% of Kerala's NSDP - Firstpost
Non-Political,Found this old game while cleaning. Name- Reach an apple by NACO-WHO
AskIndia,What is absolutely worth the money
Coronavirus,"As People Stay Home, Air Pollution In North India At 20-Year Low: NASA"
Coronavirus,"Coronavirus numbers explained: Gujarat triples its cases in one week, deaths also rise by almost three times"
Coronavirus,"Coronavirus Lockdown News: Amid Lockdown, 54 Migrants In Rajasthan Paint School As Thanks For Food"
Non-Political,India's stray dog problem
Politics,Geopolitics of Bangladesh liberation war - Why India initially didn't want East Pakistan (modern Bangladesh) to gain independence from West Pakistan (modern day Pakistan )
AskIndia,Which 4 places would you pick to enjoy the 4 seasons?
Coronavirus,"Query about name ""Chinese Virus"""
AskIndia,Duryodhana point of view
Scheduled,"Random Daily Discussion Thread - April 24, 2020 at 09:15AM"
Coronavirus,Coronavirus: The controversy over 'India's first virus fatality'
Non-Political,"Blamed For Coronavirus Outbreak, Muslims In India Come Under Attack"
Science/Technology,Linkpe - Create static and easy-to-remember mobile payment links for collecting money via UPI.
Non-Political,Earth Day 2020: How a group of citizens revived a British era lake in Salem
Policy/Economy,How will small businesses handle further extension of lockdowns?
Non-Political,President approves ordinance making violence against doctors punishable offence
Coronavirus,Covid-19: Mamata Banerjee says nationwide lockdown should be lifted in two weeks from May 4
Coronavirus,"Minimise democracy, maximise interfaith distance, maintain aloofness from poor — may be the new normal"
Policy/Economy,"Stimulus needed, GDP range expected from (-)0.9 to 1.5% in FY21: CII"
Coronavirus,COVID-19 detection test method developed by IIT-Delhi gets ICMR nod: Officials
Photography,(OC) Kolkata’s first space shuttle takes off! [3872x2904]
